id,nome,tipoItem,subtipo,categoria,peso,dano,critico,alcance,tipoDano,defesa,descricao
1,Coronhada,Arma,Corpo a Corpo - Leve (Simples),-,0,1d4/1d6,x2,-,I,,Ataque desarmado com a coronha da arma; não ocupa espaço próprio
2,Faca,Arma,Corpo a Corpo - Leve (Simples),0,1,1d4,19,Curto,C,,
3,Martelo,Arma,Corpo a Corpo - Leve (Simples),0,1,1d6,x2,-,I,,
4,Punhal,Arma,Corpo a Corpo - Leve (Simples),0,1,1d4,x3,-,P,,
5,Bastão,Arma,Corpo a Corpo - Uma Mão (Simples),0,1,1d6/1d8,x2,-,I,,
6,Machete,Arma,Corpo a Corpo - Uma Mão (Simples),0,1,1d6,19,-,C,,
7,Lança,Arma,Corpo a Corpo - Uma Mão (Simples),0,1,1d6,x2,Curto,P,,
8,Cajado,Arma,Corpo a Corpo - Duas Mãos (Simples),0,2,1d6/1d6,x2,-,I,,
9,Arco,Arma,Disparo - Duas Mãos (Simples),0,2,1d6,x3,Médio,P,,
10,Besta,Arma,Disparo - Duas Mãos (Simples),0,2,1d8,19,Médio,P,,
11,Pistola,Arma,Fogo - Leve (Simples),I,1,1d12,18,Curto,B,,
12,Revólver,Arma,Fogo - Leve (Simples),I,1,2d6,19/x3,Curto,B,,
13,Fuzil de caça,Arma,Fogo - Duas Mãos (Simples),I,2,2d8,19/x3,Médio,B,,
14,Machadinha,Arma,Corpo a Corpo - Leve (Tática),0,1,1d6,x3,Curto,C,,
15,Nunchaku,Arma,Corpo a Corpo - Leve (Tática),0,1,1d8,x2,-,I,,
16,Corrente,Arma,Corpo a Corpo - Uma Mão (Tática),0,1,1d8,x2,-,I,,
17,Espada,Arma,Corpo a Corpo - Uma Mão (Tática),I,1,1d8/1d10,19,-,C,,
18,Florete,Arma,Corpo a Corpo - Uma Mão (Tática),I,1,1d6,18,-,C,,
19,Machado,Arma,Corpo a Corpo - Uma Mão (Tática),I,1,1d8,x3,-,C,,
20,Maça,Arma,Corpo a Corpo - Uma Mão (Tática),I,1,2d4,x2,-,I,,
21,Acha,Arma,Corpo a Corpo - Duas Mãos (Pesada),I,2,1d12,x3,-,C,,
22,Gadanho,Arma,Corpo a Corpo - Duas Mãos (Pesada),I,2,2d4,x4,-,C,,
23,Katana,Arma,Corpo a Corpo - Duas Mãos (Pesada),I,2,1d10,19,-,C,,
24,Marreta,Arma,Corpo a Corpo - Duas Mãos (Pesada),I,2,3d4,x2,-,I,,
25,Montante,Arma,Corpo a Corpo - Duas Mãos (Pesada),I,2,2d6,19,-,C,,
26,Motosserra,Arma,Corpo a Corpo - Duas Mãos (Pesada),I,2,3d6,x2,-,C,,
27,Arco composto,Arma,Disparo - Duas Mãos (Pesada),I,2,1d10,x3,Médio,P,,
28,Balestra,Arma,Disparo - Duas Mãos (Pesada),I,2,1d12,19,Médio,P,,
29,Submetralhadora,Arma,Fogo - Uma Mão (Pesada),I,1,2d6,19/x3,Curto,B,,
30,Espingarda,Arma,Fogo - Duas Mãos (Pesada),I,2,4d6,x3,Curto,B,,
31,Fuzil de assalto,Arma,Fogo - Duas Mãos (Pesada),II,2,2d10,19/x3,Médio,B,,
32,Fuzil de precisão,Arma,Fogo - Duas Mãos (Pesada),III,2,2d10,19/x3,Longo,B,,
33,Bazuca,Arma,Fogo - Duas Mãos (Pesada),III,2,10d8,x2,Médio,I,,
34,Lança-chamas,Arma,Fogo - Duas Mãos (Pesada),III,2,6d6,x2,Curto,Fogo,,
35,Metralhadora,Arma,Fogo - Duas Mãos (Pesada),II,2,2d12,19/x3,Médio,B,,
36,Balas curtas,Munição,-,0,1,,,,,,
37,Balas longas,Munição,-,I,1,,,,,,
38,Cartuchos,Munição,-,I,1,,,,,,
39,Combustível,Munição,-,I,1,,,,,,
40,Flechas,Munição,-,0,1,,,,,,
41,Foguete,Munição,-,I,1,,,,,,
42,Leve,Proteção,-,I,2,,,,,+5,
43,Pesada,Proteção,-,II,2,,,,,+10,
44,Escudo,Proteção,-,I,2,,,,,+2,
45,Kit de perícia,Equipamento,Acessórios,0,1,,,,,,
46,Utensílio,Equipamento,Acessórios,I,1,,,,,,
47,Vestimenta,Equipamento,Acessórios,I,1,,,,,,
48,Granada de atordoamento,Equipamento,Explosivos,0,1,,,,,,
49,Granada de fragmentação,Equipamento,Explosivos,I,1,,,,,,
50,Granada de fumaça,Equipamento,Explosivos,0,1,,,,,,
51,Granada incendiária,Equipamento,Explosivos,I,1,,,,,,
52,Mina antipessoal,Equipamento,Explosivos,I,1,,,,,,
53,Algemas,Equipamento,Itens Operacionais,0,1,,,,,,
54,Arpéu,Equipamento,Itens Operacionais,0,1,,,,,,
55,Bandoleira,Equipamento,Itens Operacionais,I,1,,,,,,
56,Binóculos,Equipamento,Itens Operacionais,0,1,,,,,,
57,Bloqueador de sinal,Equipamento,Itens Operacionais,I,1,,,,,,
58,Cicatrizante,Equipamento,Itens Operacionais,I,1,,,,,,
59,Corda,Equipamento,Itens Operacionais,0,1,,,,,,
60,Equipamento de sobrevivência,Equipamento,Itens Operacionais,0,2,,,,,,
61,Lanterna tática,Equipamento,Itens Operacionais,I,1,,,,,,
62,Máscara de gás,Equipamento,Itens Operacionais,0,1,,,,,,
63,Mochila militar,Equipamento,Itens Operacionais,I,0,,,,,,"Espaços especiais (*): aumenta o Limite de Itens conforme a regra do livro, não ocupa espaço fixo"
64,Óculos de visão térmica,Equipamento,Itens Operacionais,I,1,,,,,,
65,Pé de cabra,Equipamento,Itens Operacionais,0,1,,,,,,
66,Pistola de dardos,Equipamento,Itens Operacionais,I,1,,,,,,
67,Pistola sinalizadora,Equipamento,Itens Operacionais,0,1,,,,,,
68,Soqueira,Equipamento,Itens Operacionais,0,1,,,,,,
69,Spray de pimenta,Equipamento,Itens Operacionais,I,1,,,,,,
70,Taser,Equipamento,Itens Operacionais,I,1,,,,,,
71,Traje hazmat,Equipamento,Itens Operacionais,I,2,,,,,,
72,Amarras de (elemento),Paranormal,-,II,1,,,,,,
73,Câmara de aura paranormal,Paranormal,-,II,1,,,,,,
74,Componentes ritualísticos de (elemento),Paranormal,-,0,1,,,,,,
75,Emissor de pulsos paranormais,Paranormal,-,II,1,,,,,,
76,Escuta de ruídos paranormais,Paranormal,-,II,1,,,,,,
77,Medidor de estabilidade da membrana,Paranormal,-,II,1,,,,,,
78,Scanner de manifestação paranormal de (elemento),Paranormal,-,II,1,,,,,,