id,nome,resumo,elemento,circulo,execucao,alcance,alvoArea,duracao,resistencia,peDiscente,circuloReqDiscente,afinidadeReqDiscente,peVerdadeiro,circuloReqVerdadeiro,afinidadeReqVerdadeiro,observacoes
1,Alterar Destino,Dá um grande bônus para resistir a um ataque ou efeito.,Energia,4,reação,pessoal,Alvo: você,instantânea,-,,,False,5.0,,False,Verdadeiro muda alcance p/ curto e alvo p/ 1 aliado à escolha
2,Alterar Memória,Modifica ou apaga lembranças recentes do alvo.,Conhecimento,3,padrão,toque,Alvo: 1 pessoa,instantânea,Vontade anula,,,False,4.0,4.0,False,
3,Amaldiçoar Arma,Arma ou munição passa a causar dano extra de um elemento.,Conhecimento/Energia/Morte/Sangue (à escolha),1,padrão,toque,Alvo: 1 arma corpo a corpo ou pacote de munição,cena,-,2.0,2.0,False,5.0,3.0,True,Escolha um elemento ao aprender; imbui a arma/munição com dano extra do elemento
4,Amaldiçoar Tecnologia,Faz um acessório ou arma de fogo funcionar acima do normal.,Energia,1,padrão,toque,Alvo: 1 acessório ou arma de fogo,cena,-,2.0,2.0,False,5.0,3.0,True,
5,Âncora Temporal,Impede o alvo de se deslocar de um turno para o outro.,Morte,3,padrão,curto,Alvo: 1 ser,cena,Vontade parcial,,,False,4.0,4.0,False,
6,Vidência,Espia e escuta um alvo à distância por algumas rodadas.,Conhecimento,3,completa,ilimitado,Alvo: 1 ser,5 rodadas,Vontade anula,,,False,,,False,
7,Vínculo de Sangue,"Liga você ao alvo, dividindo o dano que sofrerem.",Sangue,4,padrão,curto,Alvo: 1 pessoa,cena,Fortitude anula,,,False,,,False,
8,Vomitar Pestes,Solta um enxame de Sangue que fere quem estiver nele.,Sangue,3,padrão,médio,Efeito: 1 enxame Grande (quadrado de 3m),sustentada,Reflexos reduz à metade,2.0,,False,5.0,,False,
9,Zerar Entropia,"Paralisa o alvo; se ele resistir, apenas fica lento.",Morte,3,padrão,curto,Alvo: 1 pessoa,cena,Vontade parcial,4.0,4.0,False,11.0,4.0,True,
10,Transfigurar Água,"Dá comportamento caótico à água mundana (congelar, evaporar, partir...).",Energia,3,padrão,longo,Área: esfera com 30m de raio,cena,veja texto,,,False,5.0,,False,Vários efeitos à escolha (congelar/derreter/encher/evaporar/partir); ver livro
11,Transfigurar Terra,"Dá efeitos caóticos a terra e pedra (amolecer, modelar, solidificar).",Energia,3,padrão,longo,"Área: 9 cubos com 1,5m de lado",instantânea,veja texto,3.0,,False,7.0,4.0,False,Vários efeitos à escolha (amolecer/modelar/solidificar); ver livro
12,Transfusão Vital,Transfere seus PV para outro ser.,Sangue,2,padrão,toque,Alvo: 1 ser,instantânea,-,3.0,3.0,False,7.0,4.0,False,
13,Velocidade Mortal,Dá ao alvo uma ação de movimento extra por turno.,Morte,2,padrão,curto,Alvo: 1 ser,sustentada,-,,,False,,,False,
14,Tela de Ruído,Cria uma película de Energia que absorve dano físico.,Energia,2,padrão,pessoal,Alvo: você,cena,-,3.0,,False,7.0,,False,
15,Teletransporte,Leva você e aliados a um local distante.,Energia,4,padrão,toque,Alvo: até 5 seres voluntários,instantânea,-,,,False,,,False,Usa teste de Ocultismo com DT conforme familiaridade com o destino
16,Tentáculos de Lodo,Tentáculos de Morte agarram e ferem quem está na área.,Morte,3,padrão,médio,Área: círculo com 6m de raio,cena,-,,,False,5.0,,False,Usa manobra de agarrar (Ocultismo x Luta)
17,Terceiro Olho,Permite enxergar auras paranormais.,Conhecimento,1,padrão,pessoal,Alvo: você,cena,-,2.0,,False,5.0,,False,
18,Sopro do Caos,"Controla o ar: levanta alvos, empurra ou cria vento.",Energia,2,padrão,médio,Área: varia,sustentada,veja texto,3.0,,False,9.0,,False,Vários efeitos à escolha (ascender/sopro/vento); ver livro
19,Tecer Ilusão,Cria ilusões simples de imagem e som.,Conhecimento,1,padrão,médio,"Efeito: ilusão que se estende a até 4 cubos de 1,5m",cena,Vontade desacredita,2.0,2.0,False,5.0,3.0,False,
20,Presença do Medo,Aura de pavor que causa dano mental e de Medo e atordoa.,Medo,4,padrão,pessoal,Área: emanação de 9m de raio,sustentada,Vontade reduz ambos à metade,,,False,,,False,
21,Rejeitar Névoa,Névoa que deixa rituais mais caros e lentos dentro da área.,Medo,2,padrão,curto,Área: nuvem de 6m de raio,cena,-,2.0,,False,5.0,,False,
22,Proteção contra Rituais,Dá resistência a dano paranormal e bônus contra rituais.,Medo,2,padrão,toque,Alvo: 1 ser,cena,-,3.0,3.0,False,6.0,4.0,False,
23,Salto Fantasma,Teletransporta você a um ponto que consiga imaginar.,Energia,3,padrão,médio,Alvo: você,instantânea,-,2.0,,False,4.0,,False,
24,Purgatório,Poça de sangue que vulnerabiliza e fere inimigos.,Sangue,3,padrão,curto,Alvo: área de 6m de raio,sustentada,Fortitude parcial,,,False,,,False,
25,Poeira da Podridão,Nuvem que causa dano de Morte e bloqueia recuperação de PV.,Morte,3,padrão,médio,Área: nuvem com 6m de raio,sustentada,Fortitude (veja texto),,,False,4.0,,False,
26,Polarização Caótica,Atrai ou repele objetos metálicos.,Energia,1,padrão,curto,Alvo: você,sustentada,Vontade anula,2.0,,False,5.0,,False,Efeitos à escolha (atrair/repelir); ver livro
27,Possessão,Assume o controle do corpo de outra pessoa.,Conhecimento,4,padrão,longo,Alvo: 1 pessoa viva ou morta,1 dia,Vontade anula,,,False,,,False,
28,Ouvir os Sussurros,Faz uma pergunta de sim ou não sobre um evento próximo.,Conhecimento,1,completa,pessoal,Alvo: você,instantânea,-,2.0,,False,5.0,3.0,False,
29,Paradoxo,Implosão temporal que causa dano de Morte.,Morte,2,padrão,médio,Área: esfera com 6m de raio,instantânea,Fortitude reduz à metade,3.0,,False,7.0,4.0,False,
30,Perturbação,Dá uma ordem curta que o alvo cumpre.,Conhecimento,1,padrão,curto,Alvo: 1 pessoa,1 rodada,Vontade anula,2.0,,False,5.0,3.0,True,Vários comandos à escolha (fuja/largue/pare/sente-se/venha); ver livro
31,Medo Tangível,Deixa você imune a efeitos mundanos e quase impossível de matar por dano físico.,Medo,4,padrão,pessoal,Alvo: você,cena,-,,,False,,,False,Torna o corpo imune a diversas condições mundanas; ver livro
32,Mergulho Mental,Vasculha a mente do alvo com perguntas que ele responde.,Conhecimento,3,padrão,toque,Alvo: 1 pessoa,sustentada,Vontade parcial (veja texto),,,False,4.0,4.0,False,
33,Nuvem de Cinzas,Fuligem que dá camuflagem a quem está na área.,Morte,1,padrão,curto,Efeito: nuvem com 6m de raio e 6m de altura,cena,-,2.0,2.0,False,5.0,3.0,False,
34,Miasma Entrópico,Explosão tóxica que causa dano químico e enjoo.,Morte,2,padrão,médio,Área: nuvem com 6m de raio,instantânea,Fortitude parcial (veja texto),3.0,,False,,,False,
35,Ódio Incontrolável,"Frenesi: mais ataque e dano corpo a corpo, sem concentração.",Sangue,1,padrão,toque,Alvo: 1 pessoa,cena,-,2.0,,False,5.0,3.0,True,
36,Lâmina do Medo,Golpe de Medo que pode zerar os PV do alvo.,Medo,4,padrão,toque,Alvo: 1 ser,instantânea,Fortitude parcial,,,False,7.0,4.0,False,
37,Localização,Encontra uma pessoa ou objeto próximo.,Conhecimento,2,padrão,pessoal,Área: círculo com 90m de raio,cena,-,3.0,,False,7.0,3.0,False,
38,Luz,Faz um objeto emitir luz colorida em área.,Energia,1,padrão,curto,Alvo: 1 objeto,cena,Vontade anula (veja texto),2.0,2.0,False,5.0,3.0,False,
39,Inexistir,"Dano enorme de Conhecimento; se zerar os PV, o alvo é apagado.",Conhecimento,4,padrão,toque,Alvo: 1 ser,instantânea,Vontade parcial,5.0,,False,10.0,,True,
40,Invadir Mente,Ataque mental ou elo telepático entre duas pessoas.,Conhecimento,2,padrão,médio ou toque,Alvo: 1 ser ou 2 pessoas voluntárias,instantânea ou 1 dia,Vontade parcial ou nenhuma,3.0,3.0,False,7.0,4.0,False,Escolha entre rajada mental ou ligação telepática
41,Invólucro de Carne,Cria um clone seu feito de sangue.,Sangue,4,padrão,curto,Efeito: 1 clone seu,cena,-,,,False,,,False,
42,Fim Inevitável,Buraco negro que puxa e fere tudo ao redor.,Morte,4,completa,extremo,"Efeito: buraco negro com 1,5m de diâmetro",4 rodadas,Fortitude parcial,5.0,,True,10.0,,True,
43,Flagelo de Sangue,Marca que castiga o alvo quando desobedece uma ordem.,Sangue,2,padrão,toque,Alvo: 1 pessoa,cena,Fortitude parcial,3.0,3.0,False,7.0,4.0,True,
44,Forma Monstruosa,"Você vira criatura de Sangue: mais forte, mas sem controle.",Sangue,3,padrão,pessoal,Alvo: você,cena,-,,,False,,,False,
45,Fortalecimento Sensorial,Bônus em perícias de percepção e combate.,Sangue,1,padrão,pessoal,Alvo: você,cena,-,2.0,2.0,False,5.0,4.0,True,
46,Hemofagia,"Drena sangue do alvo, causando dano e curando você.",Sangue,2,padrão,toque,Alvo: 1 ser,instantânea,Fortitude reduz à metade,3.0,,False,7.0,4.0,False,
47,Esconder dos Olhos,Invisibilidade curta até você atacar.,Conhecimento,2,livre,pessoal,Alvo: você,1 rodada,-,3.0,3.0,False,7.0,4.0,True,
48,Espirais da Perdição,Penaliza os testes de ataque do alvo.,Morte,1,padrão,curto,Alvo: 1 ser,cena,-,2.0,2.0,False,8.0,3.0,False,
49,Ferver Sangue,Sangue em ebulição causa dano e deixa o alvo fraco.,Sangue,3,padrão,curto,Alvo: 1 ser,sustentada,Fortitude parcial,,,False,4.0,4.0,True,
50,Eco Espiral,Cópia de cinzas que explode com o dano que você sofreu.,Morte,2,padrão,curto,Alvo: 1 ser,2 rodadas,Fortitude reduz à metade,3.0,,False,7.0,4.0,True,
51,Eletrocussão,Descarga elétrica que causa dano e deixa vulnerável.,Energia,1,padrão,curto,Alvo: 1 ser ou objeto,instantânea,Fortitude parcial,2.0,,False,5.0,2.0,False,
52,Embaralhar,Cópias ilusórias suas aumentam sua Defesa.,Energia,1,padrão,pessoal,Alvo: você,cena,-,2.0,2.0,False,5.0,3.0,False,
53,Enfeitiçar,Deixa o alvo prestativo com você.,Conhecimento,1,padrão,curto,Alvo: 1 pessoa,cena,Vontade anula,,,False,,,False,
54,Detecção de Ameaças,Alerta sobre perigos e armadilhas próximos.,Conhecimento,2,padrão,pessoal,Área: esfera de 18m de raio,cena,-,3.0,3.0,False,5.0,4.0,False,
55,Dissipar Ritual,Anula rituais ativos com um teste de Ocultismo.,Medo,3,padrão,médio,"Alvo ou Área: 1 ser/objeto, ou esfera com 3m de raio",instantânea,-,,,False,,,False,
56,Dissonância Acústica,Área de surdez que impede conjurar rituais.,Energia,2,padrão,médio,Área: esfera com 6m de raio,sustentada,-,1.0,,False,3.0,3.0,False,
57,Distorção Temporal,Bolsão de tempo onde só você age por 3 rodadas.,Morte,4,padrão,pessoal,veja texto,veja texto,-,,,False,,,False,
58,Distorcer Aparência,"Muda sua aparência, com bônus em Enganação.",Sangue,1,padrão,pessoal,Alvo: você,cena,Vontade desacredita,2.0,,False,5.0,3.0,False,
59,Decadência,Dano de Morte pelo toque.,Morte,1,padrão,toque,Alvo: 1 ser,instantânea,Fortitude reduz à metade,2.0,,False,5.0,3.0,False,
60,Definhar,"Drena as forças do alvo, deixando-o fatigado.",Morte,1,padrão,curto,Alvo: 1 ser,cena,Fortitude parcial,2.0,2.0,False,5.0,3.0,False,
61,Deflagração de Energia,Explosão gigantesca de Energia que também pifa itens tecnológicos.,Energia,4,completa,pessoal,Área: explosão de 15m de raio,instantânea,Fortitude parcial,,,False,,,False,
62,Desacelerar Impacto,"Reduz a velocidade de queda, evitando dano.",Morte,2,reação,curto,Alvos: 1 ser ou objetos somando até 10 espaços,até chegar ao solo ou cena (o que vier primeiro),-,,,False,3.0,,False,
63,Descarnar,Lacera o alvo com dano e hemorragia.,Sangue,2,padrão,toque,Alvos: 1 ser,instantânea,Fortitude parcial,3.0,,False,,,False,
64,Controle Mental,"Domina a mente do alvo, que obedece comandos.",Conhecimento,4,padrão,médio,Alvo: 1 pessoa ou animal,sustentada,Vontade parcial,5.0,,False,10.0,,True,
65,Convocação Instantânea,Puxa para sua mão um objeto previamente preparado.,Energia,3,padrão,ilimitado,Alvo: 1 objeto de até 2 espaços,instantânea,Vontade anula,4.0,,False,9.0,,False,
66,Convocar o Algoz,Um algoz que só a vítima vê a persegue sem parar.,Morte,4,padrão,"1,5m",Alvo: 1 pessoa,sustentada,"Vontade parcial, Fortitude parcial",,,False,,,False,
67,Corpo Adaptado,Alvo aguenta clima extremo e respira na água.,Sangue,1,padrão,toque,Alvo: 1 pessoa ou animal,cena,-,2.0,,False,5.0,,False,
68,Conhecendo o Medo,Medo absoluto: pode zerar a Sanidade ou causar dano mental.,Medo,4,padrão,toque,Alvo: 1 pessoa,instantânea,Vontade parcial,,,False,,,False,
69,Consumir Manancial,Suga a vida ao redor e dá PV temporários.,Morte,1,padrão,pessoal,Alvo: você,instantânea,-,2.0,,False,5.0,,False,
70,Contato Paranormal,Entidade dá dados de auxílio em perícias em troca de Sanidade.,Conhecimento,3,completa,pessoal,Alvo: você,1 dia,-,4.0,,False,9.0,,True,
71,Contenção Fantasmagórica,Laços de Energia prendem o alvo.,Energia,2,padrão,médio,Alvo: 1 ser,cena,Reflexos anula,3.0,,False,5.0,3.0,True,
72,Chamas do Caos,Manipula fogo com efeitos à escolha.,Energia,2,padrão,curto,veja texto,cena,veja texto,3.0,,False,7.0,,False,Vários efeitos à escolha (chamejar/esquentar/extinguir/modelar); ver livro
73,Cicatrização,"Cura PV, mas envelhece o alvo.",Morte,1,padrão,toque,Alvo: 1 ser,instantânea,-,2.0,,False,9.0,4.0,True,
74,Cinerária,Névoa que reforça os rituais conjurados dentro dela.,Medo,1,padrão,curto,Área: nuvem com 6m de raio,cena,-,2.0,,False,5.0,,False,
75,Coincidência Forçada,Dá bônus em testes de perícia.,Energia,1,padrão,curto,Alvo: 1 ser,cena,-,2.0,2.0,False,5.0,3.0,True,
76,Compreensão Paranormal,Permite entender idiomas escritos e falados.,Conhecimento,1,padrão,toque,Alvo: 1 ser ou objeto,cena,Vontade anula (veja texto),2.0,2.0,False,5.0,3.0,False,
77,Aprimorar Físico,+1 em Agilidade ou Força.,Sangue,2,padrão,toque,Alvo: 1 ser,cena,-,3.0,3.0,False,7.0,4.0,True,
78,Aprimorar Mente,+1 em Intelecto ou Presença.,Conhecimento,2,padrão,toque,Alvo: 1 ser,cena,-,3.0,3.0,False,7.0,4.0,True,
79,Arma Atroz,Arma corpo a corpo ganha bônus de ataque e margem de ameaça.,Sangue,1,padrão,toque,Alvo: 1 arma corpo a corpo,sustentada,-,2.0,2.0,False,5.0,3.0,True,
80,Armadura de Sangue,Carapaça de sangue que aumenta sua Defesa.,Sangue,1,padrão,pessoal,Alvo: você,cena,-,5.0,3.0,False,9.0,4.0,True,
81,Canalizar o Medo,Transfere um ritual seu para outra pessoa conjurar.,Medo,4,padrão,toque,Alvo: 1 pessoa,permanente até ser descarregada,-,,,False,,,False,Transfere um ritual de até 3º círculo para outra pessoa conjurar
82,Capturar o Coração,O alvo fica obcecado em agradar você.,Sangue,4,padrão,curto,Alvo: 1 pessoa,cena,Vontade parcial,,,False,,,False,